{
  "data": [
    {
      "owner": "83c2f790-bdf9-49f9-858f-d95cfdbaf159",
      "firstGrave": {
        "dimension": {
          "field_13353": "minecraft",
          "field_13355": "overworld"
        },
        "posX": 106,
        "posY": 73,
        "posZ": 98
      },
      "secondGrave": {
        "dimension": {
          "field_13353": "minecraft",
          "field_13355": "overworld"
        },
        "posX": 0,
        "posY": 0,
        "posZ": 0
      },
      "thirdGrave": {
        "dimension": {
          "field_13353": "minecraft",
          "field_13355": "overworld"
        },
        "posX": 0,
        "posY": 0,
        "posZ": 0
      }
    }
  ]
}