{"stats":{"minecraft:crafted":{"minecraft:oak_planks":160,"minecraft:cooked_porkchop":7,"minecraft:crafting_table":5,"minecraft:wooden_pickaxe":2,"minecraft:furnace":1,"minecraft:birch_planks":44,"minecraft:stone_axe":2,"minecraft:air":0,"minecraft:stick":12,"minecraft:stone_pickaxe":2,"minecraft:wooden_axe":1,"minecraft:oak_button":1},"minecraft:broken":{"minecraft:stone_axe":1},"minecraft:custom":{"minecraft:interact_with_furnace":11,"minecraft:mob_kills":14,"minecraft:interact_with_crafting_table":9,"minecraft:leave_game":1,"minecraft:time_since_death":10734,"minecraft:climb_one_cm":378,"minecraft:time_since_rest":10761,"minecraft:sprint_one_cm":96672,"minecraft:damage_taken":652,"minecraft:walk_one_cm":40600,"minecraft:drop":17,"minecraft:damage_dealt":1375,"minecraft:fly_one_cm":125750,"minecraft:crouch_one_cm":8095,"minecraft:play_time":26640,"minecraft:deaths":2,"minecraft:sneak_time":2039,"minecraft:jump":659,"minecraft:total_world_time":26640,"minecraft:fall_one_cm":23014},"minecraft:picked_up":{"minecraft:wooden_axe":1,"minecraft:birch_log":11,"minecraft:crafting_table":2,"minecraft:feather":4,"minecraft:chicken":5,"minecraft:leather":1,"minecraft:wooden_pickaxe":3,"minecraft:birch_planks":73,"minecraft:oak_log":50,"minecraft:dirt":4,"minecraft:apple":3,"minecraft:wheat_seeds":7,"minecraft:stone_pickaxe":1,"minecraft:beef":5,"minecraft:birch_sapling":2,"minecraft:oak_planks":74,"minecraft:furnace":1,"minecraft:egg":3,"minecraft:stick":14,"minecraft:torch":44,"minecraft:porkchop":11,"minecraft:rotten_flesh":1,"minecraft:stone_axe":2,"minecraft:peony":1,"minecraft:oak_button":2,"minecraft:oak_sapling":17,"minecraft:cobblestone":82},"minecraft:killed_by":{"minecraft:skeleton":1,"minecraft:zombie":1},"minecraft:mined":{"minecraft:crafting_table":1,"minecraft:short_grass":42,"minecraft:grass_block":2,"minecraft:tall_grass":4,"minecraft:furnace":1,"minecraft:birch_log":11,"minecraft:birch_leaves":2,"minecraft:peony":1,"minecraft:oak_log":45,"minecraft:dirt":2,"minecraft:stone":52,"minecraft:oak_leaves":8},"minecraft:dropped":{"minecraft:cobblestone":19,"minecraft:rotten_flesh":1,"minecraft:oak_planks":1,"minecraft:stick":4,"minecraft:oak_button":3,"minecraft:wooden_axe":2,"minecraft:oak_sapling":7,"minecraft:wooden_pickaxe":5},"minecraft:killed":{"minecraft:pig":4,"minecraft:bee":1,"minecraft:chicken":6,"minecraft:drowned":1,"minecraft:cow":2},"minecraft:used":{"minecraft:peony":1,"minecraft:birch_planks":9,"minecraft:stone_pickaxe":46,"minecraft:oak_planks":107,"minecraft:wooden_pickaxe":14,"minecraft:torch":1,"minecraft:crafting_table":6,"minecraft:wooden_axe":7,"minecraft:apple":3,"minecraft:birch_sapling":2,"minecraft:stone_axe":113,"minecraft:cobblestone":28,"minecraft:oak_sapling":9,"minecraft:furnace":1,"minecraft:cooked_porkchop":3,"minecraft:egg":1}},"DataVersion":3953}