{"stats":{"minecraft:crafted":{"minecraft:oak_planks":12,"minecraft:coal":9,"minecraft:stone_shovel":1,"minecraft:cooked_chicken":5,"minecraft:acacia_fence_gate":2,"minecraft:stone":61,"minecraft:cooked_mutton":6,"minecraft:iron_boots":1,"minecraft:iron_axe":2,"minecraft:iron_hoe":1,"minecraft:stone_pickaxe":2,"minecraft:acacia_fence":26,"minecraft:cooked_beef":8,"minecraft:cooked_porkchop":3,"minecraft:crafting_table":1,"minecraft:wooden_pickaxe":1,"minecraft:iron_helmet":1,"minecraft:iron_sword":1,"minecraft:cooked_salmon":3,"minecraft:bucket":1,"minecraft:birch_planks":28,"minecraft:stone_axe":1,"minecraft:bread":10,"minecraft:iron_chestplate":2,"minecraft:stick":158,"minecraft:iron_ingot":54,"minecraft:iron_pickaxe":3,"minecraft:stone_sword":2,"minecraft:iron_leggings":1,"minecraft:torch":260},"minecraft:broken":{"minecraft:wooden_pickaxe":1,"minecraft:stone_pickaxe":1,"minecraft:iron_pickaxe":1,"minecraft:wooden_axe":1,"minecraft:stone_shovel":1},"minecraft:custom":{"minecraft:mob_kills":29,"minecraft:animals_bred":6,"minecraft:interact_with_crafting_table":30,"minecraft:leave_game":2,"minecraft:time_since_death":112462,"minecraft:sprint_one_cm":650817,"minecraft:walk_one_cm":926996,"minecraft:damage_blocked_by_shield":1950,"minecraft:drop":52,"minecraft:play_time":263446,"minecraft:deaths":3,"minecraft:sneak_time":1875,"minecraft:walk_under_water_one_cm":11725,"minecraft:jump":2975,"minecraft:interact_with_blast_furnace":1,"minecraft:walk_on_water_one_cm":58031,"minecraft:total_world_time":263446,"minecraft:interact_with_furnace":28,"minecraft:interact_with_cartography_table":1,"minecraft:sleep_in_bed":3,"minecraft:time_since_rest":40701,"minecraft:damage_taken":2699,"minecraft:damage_dealt":3783,"minecraft:swim_one_cm":11172,"minecraft:fly_one_cm":341902,"minecraft:open_chest":26,"minecraft:crouch_one_cm":3806,"minecraft:interact_with_smoker":1,"minecraft:fall_one_cm":79119,"minecraft:horse_one_cm":16471},"minecraft:picked_up":{"minecraft:wooden_axe":1,"minecraft:crafting_table":5,"minecraft:iron_chestplate":2,"minecraft:wheat":62,"minecraft:chicken":5,"minecraft:wooden_pickaxe":1,"minecraft:shield":3,"minecraft:amethyst_block":18,"minecraft:iron_axe":1,"minecraft:raw_copper":11,"minecraft:flint_and_steel":1,"minecraft:iron_leggings":2,"minecraft:gold_nugget":24,"minecraft:cobbled_deepslate":46,"minecraft:beef":10,"minecraft:acacia_fence_gate":3,"minecraft:calcite":8,"minecraft:iron_pickaxe":3,"minecraft:sugar_cane":8,"minecraft:birch_sapling":2,"minecraft:furnace":1,"minecraft:iron_boots":1,"minecraft:egg":1,"minecraft:golden_helmet":1,"minecraft:stick":64,"minecraft:raw_iron":56,"minecraft:torch":17,"minecraft:porkchop":3,"minecraft:diorite":26,"minecraft:redstone":28,"minecraft:iron_horse_armor":1,"minecraft:stone_shovel":1,"minecraft:arrow":10,"minecraft:stone_sword":1,"minecraft:rotten_flesh":9,"minecraft:saddle":1,"minecraft:mutton":6,"minecraft:white_wool":3,"minecraft:cobblestone":322,"minecraft:birch_log":26,"minecraft:feather":23,"minecraft:cooked_beef":3,"minecraft:golden_carrot":9,"minecraft:glow_ink_sac":2,"minecraft:water_bucket":3,"minecraft:andesite":16,"minecraft:leather":3,"minecraft:brown_wool":2,"minecraft:golden_leggings":4,"minecraft:birch_planks":8,"minecraft:flint":1,"minecraft:tuff":2,"minecraft:oak_log":3,"minecraft:gunpowder":2,"minecraft:lapis_lazuli":66,"minecraft:dirt":304,"minecraft:cooked_mutton":6,"minecraft:bone":12,"minecraft:wheat_seeds":247,"minecraft:raw_gold":6,"minecraft:iron_ingot":43,"minecraft:cooked_chicken":4,"minecraft:iron_sword":2,"minecraft:oak_planks":295,"minecraft:smooth_basalt":12,"minecraft:cooked_porkchop":1,"minecraft:pumpkin":15,"minecraft:spyglass":3,"minecraft:gravel":51,"minecraft:sand":20,"minecraft:amethyst_shard":16,"minecraft:iron_hoe":1,"minecraft:diamond":25,"minecraft:stone_axe":1,"minecraft:iron_helmet":2,"minecraft:granite":1,"minecraft:golden_horse_armor":1,"minecraft:oak_sapling":5,"minecraft:netherrack":3,"minecraft:coal":243},"minecraft:killed_by":{"minecraft:creeper":2},"minecraft:mined":{"minecraft:tuff":2,"minecraft:farmland":14,"minecraft:deepslate_diamond_ore":11,"minecraft:granite":1,"minecraft:grass_block":118,"minecraft:chiseled_tuff_bricks":8,"minecraft:tuff_bricks":7,"minecraft:furnace":1,"minecraft:iron_ore":39,"minecraft:polished_tuff":1,"minecraft:andesite":19,"minecraft:deepslate_iron_ore":7,"minecraft:polished_tuff_slab":1,"minecraft:waxed_weathered_copper_bulb":1,"minecraft:stone":211,"minecraft:deepslate_redstone_ore":6,"minecraft:powder_snow":45,"minecraft:crafting_table":4,"minecraft:torch":4,"minecraft:short_grass":248,"minecraft:calcite":5,"minecraft:tall_grass":63,"minecraft:copper_ore":1,"minecraft:red_glazed_terracotta":1,"minecraft:deepslate_gold_ore":4,"minecraft:sugar_cane":6,"minecraft:diorite":13,"minecraft:wall_torch":6,"minecraft:amethyst_block":6,"minecraft:waxed_copper_bulb":2,"minecraft:red_candle":2,"minecraft:acacia_fence_gate":3,"minecraft:birch_log":7,"minecraft:wheat":69,"minecraft:waxed_copper_block":3,"minecraft:coal_ore":140,"minecraft:gravel":15,"minecraft:sand":20,"minecraft:dirt":98,"minecraft:smooth_basalt":6,"minecraft:gold_ore":2,"minecraft:oak_leaves":4,"minecraft:deepslate":38},"minecraft:killed":{"minecraft:spider":1,"minecraft:skeleton":1,"minecraft:chicken":4,"minecraft:husk":3,"minecraft:pig":1,"minecraft:zombie_villager":1,"minecraft:sheep":3,"minecraft:zombie":3,"minecraft:stray":4,"minecraft:cow":6},"minecraft:used":{"minecraft:stone_sword":31,"minecraft:stone_shovel":139,"minecraft:shield":46,"minecraft:iron_sword":182,"minecraft:cooked_salmon":3,"minecraft:cooked_chicken":6,"minecraft:rotten_flesh":6,"minecraft:torch":166,"minecraft:dirt":235,"minecraft:spyglass":1,"minecraft:tuff":2,"minecraft:iron_hoe":276,"minecraft:wooden_axe":18,"minecraft:iron_axe":6,"minecraft:golden_carrot":2,"minecraft:oak_sapling":1,"minecraft:acacia_fence":27,"minecraft:cooked_beef":5,"minecraft:cobbled_deepslate":20,"minecraft:wheat_seeds":249,"minecraft:cooked_mutton":10,"minecraft:water_bucket":27,"minecraft:stone_pickaxe":132,"minecraft:wooden_pickaxe":59,"minecraft:sugar_cane":7,"minecraft:sand":14,"minecraft:crafting_table":5,"minecraft:bread":3,"minecraft:iron_pickaxe":470,"minecraft:acacia_fence_gate":5,"minecraft:golden_helmet":1,"minecraft:stone_axe":13,"minecraft:cooked_porkchop":4,"minecraft:bucket":27,"minecraft:andesite":2},"minecraft:dropped":{"minecraft:iron_ingot":9,"minecraft:glow_ink_sac":2,"minecraft:iron_helmet":1,"minecraft:feather":16,"minecraft:cobblestone":94,"minecraft:amethyst_block":12,"minecraft:coal":64,"minecraft:dirt":13,"minecraft:diorite":13,"minecraft:golden_carrot":7,"minecraft:torch":64,"minecraft:iron_leggings":1,"minecraft:gold_nugget":24,"minecraft:amethyst_shard":16,"minecraft:pumpkin":6,"minecraft:iron_pickaxe":2,"minecraft:birch_log":19,"minecraft:bone":4,"minecraft:smooth_basalt":6,"minecraft:gravel":34,"minecraft:cooked_chicken":3,"minecraft:stone_sword":2,"minecraft:cobbled_deepslate":2,"minecraft:raw_copper":11,"minecraft:oak_planks":218,"minecraft:iron_boots":1,"minecraft:cooked_mutton":1,"minecraft:shield":1,"minecraft:iron_chestplate":1,"minecraft:andesite":14,"minecraft:golden_leggings":1,"minecraft:calcite":8}},"DataVersion":3953}