{"stats":{"minecraft:used":{"minecraft:diamond_pickaxe":2,"minecraft:diamond_shovel":11,"minecraft:iron_axe":6,"minecraft:iron_pickaxe":5,"minecraft:shield":4,"minecraft:iron_sword":7,"minecraft:fishing_rod":21,"minecraft:cobblestone":2,"minecraft:cooked_cod":4},"minecraft:picked_up":{"minecraft:crafting_table":1,"minecraft:wheat":1,"minecraft:feather":3,"minecraft:chicken":2,"minecraft:salmon":1,"minecraft:dirt":12,"minecraft:leather_boots":2,"minecraft:pufferfish":1,"minecraft:rotten_flesh":5,"minecraft:wheat_seeds":4,"minecraft:cod":12,"minecraft:cobblestone":6},"minecraft:killed":{"minecraft:zombie":2,"minecraft:chicken":2},"minecraft:crafted":{"minecraft:cooked_porkchop":21,"minecraft:cooked_chicken":2,"minecraft:air":0},"minecraft:mined":{"minecraft:birch_leaves":3,"minecraft:crafting_table":1,"minecraft:grass_block":10,"minecraft:dirt":2,"minecraft:cobblestone":2,"minecraft:stone":5},"minecraft:custom":{"minecraft:time_since_rest":68857,"minecraft:sprint_one_cm":39975,"minecraft:damage_taken":155,"minecraft:walk_one_cm":68294,"minecraft:damage_blocked_by_shield":90,"minecraft:mob_kills":4,"minecraft:damage_dealt":480,"minecraft:swim_one_cm":5402,"minecraft:interact_with_crafting_table":4,"minecraft:fly_one_cm":34745,"minecraft:open_chest":17,"minecraft:crouch_one_cm":39,"minecraft:play_time":99463,"minecraft:sneak_time":112,"minecraft:walk_under_water_one_cm":4881,"minecraft:boat_one_cm":9874,"minecraft:jump":386,"minecraft:leave_game":3,"minecraft:walk_on_water_one_cm":2140,"minecraft:time_since_death":99463,"minecraft:sleep_in_bed":1,"minecraft:interact_with_smoker":6,"minecraft:total_world_time":99463,"minecraft:fish_caught":14,"minecraft:fall_one_cm":7746}},"DataVersion":3953}