{"stats":{"minecraft:mined":{"minecraft:crafting_table":1,"minecraft:short_grass":4,"minecraft:grass_block":51,"minecraft:cobblestone":2,"minecraft:wall_torch":1,"minecraft:fire":1,"minecraft:wheat":187,"minecraft:birch_leaves":3,"minecraft:oak_log":4,"minecraft:dirt":4,"minecraft:stone":5,"minecraft:oak_leaves":1},"minecraft:custom":{"minecraft:interact_with_furnace":3,"minecraft:mob_kills":9,"minecraft:interact_with_crafting_table":12,"minecraft:interact_with_stonecutter":1,"minecraft:leave_game":6,"minecraft:time_since_death":0,"minecraft:sleep_in_bed":2,"minecraft:time_since_rest":439,"minecraft:sprint_one_cm":84123,"minecraft:damage_taken":1065,"minecraft:walk_one_cm":205423,"minecraft:damage_blocked_by_shield":231,"minecraft:drop":28,"minecraft:damage_dealt":1480,"minecraft:swim_one_cm":5402,"minecraft:fly_one_cm":63205,"minecraft:open_chest":37,"minecraft:crouch_one_cm":2468,"minecraft:play_time":147150,"minecraft:deaths":2,"minecraft:sneak_time":1708,"minecraft:walk_under_water_one_cm":5303,"minecraft:boat_one_cm":82084,"minecraft:jump":720,"minecraft:interact_with_blast_furnace":1,"minecraft:walk_on_water_one_cm":5716,"minecraft:interact_with_smoker":13,"minecraft:total_world_time":147150,"minecraft:fish_caught":25,"minecraft:fall_one_cm":18924,"minecraft:gravestones_collected":1},"minecraft:picked_up":{"minecraft:feather":3,"minecraft:crafting_table":1,"minecraft:wheat":186,"minecraft:chicken":2,"minecraft:tripwire_hook":1,"minecraft:salmon":6,"minecraft:leather":1,"minecraft:oak_log":4,"minecraft:string":1,"minecraft:dirt":71,"minecraft:leather_boots":3,"minecraft:pufferfish":1,"minecraft:bone":1,"minecraft:apple":1,"minecraft:wheat_seeds":526,"minecraft:poppy":1,"minecraft:sugar_cane":6,"minecraft:iron_sword":1,"minecraft:stick":2,"minecraft:torch":1,"minecraft:dandelion":1,"minecraft:sand":5,"minecraft:rotten_flesh":6,"minecraft:cod":18,"minecraft:cobblestone":6},"minecraft:crafted":{"minecraft:cooked_cod":12,"minecraft:oak_planks":96,"minecraft:diamond_sword":1,"minecraft:cooked_porkchop":21,"minecraft:cooked_chicken":2,"minecraft:air":0,"minecraft:bow":1,"minecraft:stick":36,"minecraft:stone_hoe":1},"minecraft:killed_by":{"minecraft:creeper":1,"minecraft:drowned":1},"minecraft:used":{"minecraft:wheat_seeds":217,"minecraft:shield":9,"minecraft:iron_sword":88,"minecraft:sugar_cane":3,"minecraft:stone_hoe":37,"minecraft:torch":1,"minecraft:dirt":17,"minecraft:sand":1,"minecraft:crafting_table":1,"minecraft:cod":3,"minecraft:diamond_pickaxe":3,"minecraft:diamond_shovel":55,"minecraft:iron_axe":6,"minecraft:iron_pickaxe":30,"minecraft:stone_axe":6,"minecraft:fishing_rod":44,"minecraft:cobblestone":2,"minecraft:cooked_cod":11},"minecraft:killed":{"minecraft:skeleton":1,"minecraft:zombie":6,"minecraft:chicken":2},"minecraft:dropped":{"minecraft:iron_sword":1,"minecraft:dirt":27}},"DataVersion":3953}