{"stats":{"minecraft:crafted":{"minecraft:cooked_porkchop":21,"minecraft:air":0},"minecraft:custom":{"minecraft:time_since_rest":23024,"minecraft:sprint_one_cm":34972,"minecraft:damage_taken":155,"minecraft:walk_one_cm":59406,"minecraft:damage_blocked_by_shield":90,"minecraft:mob_kills":4,"minecraft:damage_dealt":480,"minecraft:swim_one_cm":5402,"minecraft:interact_with_crafting_table":2,"minecraft:fly_one_cm":28978,"minecraft:open_chest":10,"minecraft:play_time":23024,"minecraft:sneak_time":15,"minecraft:walk_under_water_one_cm":4881,"minecraft:boat_one_cm":6187,"minecraft:jump":335,"minecraft:leave_game":1,"minecraft:time_since_death":23024,"minecraft:walk_on_water_one_cm":2140,"minecraft:total_world_time":23024,"minecraft:interact_with_smoker":3,"minecraft:fish_caught":4,"minecraft:fall_one_cm":7270},"minecraft:used":{"minecraft:diamond_pickaxe":2,"minecraft:diamond_shovel":11,"minecraft:iron_axe":6,"minecraft:iron_pickaxe":5,"minecraft:shield":4,"minecraft:iron_sword":7,"minecraft:fishing_rod":7,"minecraft:cobblestone":2,"minecraft:cooked_cod":3},"minecraft:killed":{"minecraft:zombie":2,"minecraft:chicken":2},"minecraft:mined":{"minecraft:birch_leaves":3,"minecraft:crafting_table":1,"minecraft:grass_block":10,"minecraft:dirt":2,"minecraft:cobblestone":2,"minecraft:stone":5},"minecraft:picked_up":{"minecraft:crafting_table":1,"minecraft:wheat":1,"minecraft:feather":3,"minecraft:chicken":2,"minecraft:dirt":12,"minecraft:pufferfish":1,"minecraft:rotten_flesh":4,"minecraft:wheat_seeds":4,"minecraft:cod":3,"minecraft:cobblestone":6}},"DataVersion":3953}