{"stats":{"minecraft:used":{"minecraft:wheat_seeds":188,"minecraft:diamond_pickaxe":3,"minecraft:diamond_shovel":41,"minecraft:iron_axe":6,"minecraft:iron_pickaxe":30,"minecraft:shield":6,"minecraft:iron_sword":84,"minecraft:sugar_cane":3,"minecraft:stone_hoe":19,"minecraft:stone_axe":6,"minecraft:torch":1,"minecraft:dirt":5,"minecraft:sand":1,"minecraft:fishing_rod":22,"minecraft:cobblestone":2,"minecraft:crafting_table":1,"minecraft:cooked_cod":7},"minecraft:mined":{"minecraft:wheat":187,"minecraft:fire":1,"minecraft:birch_leaves":3,"minecraft:crafting_table":1,"minecraft:short_grass":2,"minecraft:oak_log":4,"minecraft:grass_block":41,"minecraft:dirt":2,"minecraft:cobblestone":2,"minecraft:stone":5,"minecraft:oak_leaves":1,"minecraft:wall_torch":1},"minecraft:crafted":{"minecraft:oak_planks":96,"minecraft:diamond_sword":1,"minecraft:cooked_porkchop":21,"minecraft:stick":36,"minecraft:cooked_chicken":2,"minecraft:stone_hoe":1,"minecraft:air":0},"minecraft:custom":{"minecraft:time_since_rest":90262,"minecraft:interact_with_furnace":3,"minecraft:sprint_one_cm":49126,"minecraft:damage_taken":453,"minecraft:walk_one_cm":152116,"minecraft:damage_blocked_by_shield":150,"minecraft:mob_kills":8,"minecraft:drop":27,"minecraft:damage_dealt":1280,"minecraft:swim_one_cm":5402,"minecraft:interact_with_crafting_table":10,"minecraft:fly_one_cm":40389,"minecraft:open_chest":25,"minecraft:crouch_one_cm":1148,"minecraft:play_time":120868,"minecraft:sneak_time":602,"minecraft:walk_under_water_one_cm":4881,"minecraft:boat_one_cm":9874,"minecraft:jump":507,"minecraft:leave_game":4,"minecraft:walk_on_water_one_cm":2943,"minecraft:time_since_death":120868,"minecraft:sleep_in_bed":1,"minecraft:interact_with_smoker":6,"minecraft:total_world_time":120868,"minecraft:fish_caught":14,"minecraft:fall_one_cm":10478},"minecraft:picked_up":{"minecraft:stick":2,"minecraft:crafting_table":1,"minecraft:wheat":186,"minecraft:feather":3,"minecraft:chicken":2,"minecraft:salmon":1,"minecraft:torch":1,"minecraft:sand":1,"minecraft:oak_log":4,"minecraft:dirt":56,"minecraft:leather_boots":2,"minecraft:pufferfish":1,"minecraft:rotten_flesh":6,"minecraft:apple":1,"minecraft:wheat_seeds":514,"minecraft:sugar_cane":4,"minecraft:cod":12,"minecraft:cobblestone":6},"minecraft:killed":{"minecraft:zombie":6,"minecraft:chicken":2},"minecraft:dropped":{"minecraft:dirt":27}},"DataVersion":3953}