{"stats":{"minecraft:custom":{"minecraft:open_chest":2,"minecraft:time_since_rest":11024,"minecraft:sprint_one_cm":22982,"minecraft:play_time":11024,"minecraft:damage_taken":155,"minecraft:walk_one_cm":32868,"minecraft:damage_blocked_by_shield":90,"minecraft:sneak_time":15,"minecraft:walk_under_water_one_cm":4881,"minecraft:mob_kills":4,"minecraft:jump":262,"minecraft:damage_dealt":480,"minecraft:leave_game":1,"minecraft:walk_on_water_one_cm":2140,"minecraft:time_since_death":11024,"minecraft:total_world_time":11024,"minecraft:swim_one_cm":5402,"minecraft:fall_one_cm":5420,"minecraft:fly_one_cm":18578},"minecraft:used":{"minecraft:diamond_shovel":11,"minecraft:cooked_cod":2,"minecraft:iron_axe":5,"minecraft:shield":4,"minecraft:iron_sword":7},"minecraft:killed":{"minecraft:zombie":2,"minecraft:chicken":2},"minecraft:picked_up":{"minecraft:feather":3,"minecraft:chicken":2,"minecraft:rotten_flesh":4,"minecraft:dirt":12},"minecraft:mined":{"minecraft:grass_block":10,"minecraft:dirt":2,"minecraft:birch_leaves":3}},"DataVersion":3953}