{"stats":{"minecraft:picked_up":{"minecraft:feather":3,"minecraft:chicken":2,"minecraft:dirt":12},"minecraft:killed":{"minecraft:chicken":2},"minecraft:mined":{"minecraft:grass_block":10,"minecraft:dirt":2,"minecraft:birch_leaves":3},"minecraft:custom":{"minecraft:time_since_rest":6310,"minecraft:play_time":6310,"minecraft:sprint_one_cm":12990,"minecraft:damage_taken":50,"minecraft:walk_one_cm":21486,"minecraft:sneak_time":15,"minecraft:walk_under_water_one_cm":3521,"minecraft:mob_kills":2,"minecraft:jump":177,"minecraft:damage_dealt":80,"minecraft:leave_game":1,"minecraft:time_since_death":6310,"minecraft:walk_on_water_one_cm":1904,"minecraft:total_world_time":6310,"minecraft:swim_one_cm":5402,"minecraft:fall_one_cm":4317,"minecraft:fly_one_cm":9498},"minecraft:used":{"minecraft:diamond_shovel":11,"minecraft:cooked_cod":1,"minecraft:iron_axe":5}},"DataVersion":3953}