{"stats":{"minecraft:used":{"minecraft:diamond_pickaxe":3,"minecraft:diamond_shovel":14,"minecraft:iron_axe":6,"minecraft:iron_pickaxe":5,"minecraft:shield":4,"minecraft:iron_sword":7,"minecraft:fishing_rod":22,"minecraft:cobblestone":2,"minecraft:cooked_cod":4},"minecraft:mined":{"minecraft:fire":1,"minecraft:birch_leaves":3,"minecraft:crafting_table":1,"minecraft:grass_block":14,"minecraft:dirt":2,"minecraft:cobblestone":2,"minecraft:stone":5},"minecraft:crafted":{"minecraft:cooked_porkchop":21,"minecraft:cooked_chicken":2,"minecraft:air":0},"minecraft:custom":{"minecraft:time_since_rest":78262,"minecraft:interact_with_furnace":3,"minecraft:sprint_one_cm":41098,"minecraft:damage_taken":155,"minecraft:walk_one_cm":83148,"minecraft:damage_blocked_by_shield":90,"minecraft:mob_kills":4,"minecraft:drop":27,"minecraft:damage_dealt":480,"minecraft:swim_one_cm":5402,"minecraft:interact_with_crafting_table":4,"minecraft:fly_one_cm":35876,"minecraft:open_chest":17,"minecraft:crouch_one_cm":39,"minecraft:play_time":108868,"minecraft:sneak_time":112,"minecraft:walk_under_water_one_cm":4881,"minecraft:boat_one_cm":9874,"minecraft:jump":431,"minecraft:leave_game":4,"minecraft:walk_on_water_one_cm":2140,"minecraft:time_since_death":108868,"minecraft:sleep_in_bed":1,"minecraft:interact_with_smoker":6,"minecraft:total_world_time":108868,"minecraft:fish_caught":14,"minecraft:fall_one_cm":9062},"minecraft:picked_up":{"minecraft:crafting_table":1,"minecraft:wheat":1,"minecraft:feather":3,"minecraft:chicken":2,"minecraft:salmon":1,"minecraft:dirt":27,"minecraft:leather_boots":2,"minecraft:pufferfish":1,"minecraft:rotten_flesh":5,"minecraft:wheat_seeds":4,"minecraft:cod":12,"minecraft:cobblestone":6},"minecraft:killed":{"minecraft:zombie":2,"minecraft:chicken":2},"minecraft:dropped":{"minecraft:dirt":27}},"DataVersion":3953}