{"stats":{"minecraft:crafted":{"minecraft:smooth_stone":9,"minecraft:oak_planks":52,"minecraft:cooked_chicken":11,"minecraft:stone":12,"minecraft:cooked_mutton":8,"minecraft:iron_boots":1,"minecraft:chest":4,"minecraft:smoker":1,"minecraft:cooked_porkchop":4,"minecraft:map":2,"minecraft:crafting_table":1,"minecraft:iron_helmet":1,"minecraft:copper_ingot":16,"minecraft:birch_planks":28,"minecraft:cartography_table":1,"minecraft:diamond_pickaxe":1,"minecraft:book":1,"minecraft:iron_chestplate":1,"minecraft:paper":27,"minecraft:shield":4,"minecraft:stick":36,"minecraft:iron_ingot":92,"minecraft:compass":3,"minecraft:iron_pickaxe":2,"minecraft:iron_block":3,"minecraft:gold_ingot":2,"minecraft:shears":1,"minecraft:coal":36,"minecraft:stone_shovel":1,"minecraft:spyglass":3,"minecraft:furnace":3,"minecraft:blast_furnace":2,"minecraft:bone_meal":18,"minecraft:oak_trapdoor":2,"minecraft:iron_axe":1,"minecraft:golden_helmet":2,"minecraft:cooked_beef":3,"minecraft:coal_block":21,"minecraft:cooked_cod":14,"minecraft:diamond_sword":1,"minecraft:enchanting_table":1,"minecraft:iron_sword":1,"minecraft:cooked_salmon":15,"minecraft:bucket":1,"minecraft:bread":11,"minecraft:air":0,"minecraft:oak_boat":2,"minecraft:oak_chest_boat":2,"minecraft:iron_leggings":1,"minecraft:stonecutter":1,"minecraft:anvil":1,"minecraft:white_bed":2,"minecraft:torch":260},"minecraft:broken":{"minecraft:stone_sword":1,"minecraft:shield":1,"minecraft:iron_pickaxe":1},"minecraft:custom":{"minecraft:interact_with_crafting_table":86,"minecraft:leave_game":3,"minecraft:time_since_death":297609,"minecraft:sprint_one_cm":1070134,"minecraft:damage_blocked_by_shield":3964,"minecraft:drop":126,"minecraft:play_time":361780,"minecraft:deaths":1,"minecraft:jump":5243,"minecraft:walk_on_water_one_cm":67667,"minecraft:interact_with_furnace":71,"minecraft:interact_with_cartography_table":5,"minecraft:sleep_in_bed":7,"minecraft:damage_dealt":10274,"minecraft:player_kills":1,"minecraft:crouch_one_cm":19008,"minecraft:interact_with_smoker":33,"minecraft:inspect_dispenser":3,"minecraft:horse_one_cm":12402,"minecraft:mob_kills":86,"minecraft:interact_with_anvil":2,"minecraft:climb_one_cm":269,"minecraft:walk_one_cm":888835,"minecraft:sneak_time":8183,"minecraft:walk_under_water_one_cm":69370,"minecraft:boat_one_cm":43555,"minecraft:interact_with_blast_furnace":26,"minecraft:total_world_time":361780,"minecraft:time_since_rest":67571,"minecraft:damage_taken":4311,"minecraft:swim_one_cm":95053,"minecraft:fly_one_cm":825746,"minecraft:open_chest":143,"minecraft:fish_caught":18,"minecraft:fall_one_cm":119886},"minecraft:picked_up":{"minecraft:iron_chestplate":1,"minecraft:wheat":11,"minecraft:enchanted_book":1,"minecraft:amethyst_block":31,"minecraft:string":12,"minecraft:raw_copper":28,"minecraft:smooth_stone_slab":2,"minecraft:iron_leggings":2,"minecraft:red_candle":7,"minecraft:pufferfish":2,"minecraft:shroomlight":12,"minecraft:gold_nugget":53,"minecraft:cobbled_deepslate":54,"minecraft:bucket":1,"minecraft:acacia_fence_gate":1,"minecraft:calcite":29,"minecraft:iron_pickaxe":4,"minecraft:coal_block":5,"minecraft:furnace":10,"minecraft:iron_boots":2,"minecraft:golden_helmet":1,"minecraft:tipped_arrow":3,"minecraft:stick":61,"minecraft:torch":122,"minecraft:porkchop":12,"minecraft:waxed_weathered_copper_bulb":1,"minecraft:pointed_dripstone":4,"minecraft:diorite":13,"minecraft:stone_sword":3,"minecraft:rotten_flesh":13,"minecraft:obsidian":22,"minecraft:cod":11,"minecraft:cobblestone":319,"minecraft:birch_log":26,"minecraft:magma_block":3,"minecraft:feather":30,"minecraft:cooked_beef":7,"minecraft:water_bucket":1,"minecraft:andesite":18,"minecraft:brown_wool":2,"minecraft:golden_leggings":2,"minecraft:smoker":1,"minecraft:flint":1,"minecraft:lapis_lazuli":44,"minecraft:dirt":160,"minecraft:bone":33,"minecraft:bow":2,"minecraft:wheat_seeds":33,"minecraft:raw_gold":3,"minecraft:glowstone_dust":25,"minecraft:oak_planks":100,"minecraft:cooked_porkchop":1,"minecraft:sand":24,"minecraft:light_blue_terracotta":1,"minecraft:diamond":39,"minecraft:waxed_oxidized_copper_grate":3,"minecraft:granite":3,"minecraft:golden_horse_armor":1,"minecraft:oak_sapling":5,"minecraft:netherrack":39,"minecraft:crimson_roots":5,"minecraft:diamond_pickaxe":1,"minecraft:fishing_rod":1,"minecraft:crafting_table":4,"minecraft:ominous_bottle":1,"minecraft:chicken":13,"minecraft:shield":3,"minecraft:oak_trapdoor":2,"minecraft:iron_axe":1,"minecraft:flint_and_steel":2,"minecraft:beef":3,"minecraft:chiseled_tuff":1,"minecraft:sugar_cane":35,"minecraft:birch_sapling":9,"minecraft:waxed_oxidized_copper":3,"minecraft:egg":6,"minecraft:raw_iron":71,"minecraft:fire_charge":2,"minecraft:redstone":28,"minecraft:iron_horse_armor":1,"minecraft:weeping_vines":5,"minecraft:arrow":21,"minecraft:cooked_cod":15,"minecraft:waxed_oxidized_cut_copper_stairs":1,"minecraft:saddle":1,"minecraft:gold_ingot":1,"minecraft:tuff_bricks":34,"minecraft:mutton":7,"minecraft:white_wool":2,"minecraft:stripped_oak_log":4,"minecraft:golden_carrot":7,"minecraft:salmon":15,"minecraft:red_glazed_terracotta":1,"minecraft:birch_planks":16,"minecraft:waxed_copper_bulb":2,"minecraft:oak_log":17,"minecraft:waxed_copper_block":3,"minecraft:white_banner":2,"minecraft:cooked_mutton":1,"minecraft:apple":1,"minecraft:acacia_trapdoor":2,"minecraft:polished_tuff_slab":2,"minecraft:iron_ingot":54,"minecraft:stone_pickaxe":1,"minecraft:cooked_chicken":2,"minecraft:iron_sword":2,"minecraft:warped_fungus":1,"minecraft:smooth_basalt":14,"minecraft:pumpkin":3,"minecraft:stone_brick_slab":1,"minecraft:quartz":52,"minecraft:spyglass":1,"minecraft:gravel":29,"minecraft:amethyst_shard":40,"minecraft:crying_obsidian":2,"minecraft:polished_tuff":1,"minecraft:spider_eye":1,"minecraft:diamond_shovel":1,"minecraft:iron_helmet":3,"minecraft:coal":326,"minecraft:chiseled_tuff_bricks":9},"minecraft:mined":{"minecraft:large_amethyst_bud":1,"minecraft:oak_sapling":1,"minecraft:obsidian":21,"minecraft:granite":3,"minecraft:budding_amethyst":2,"minecraft:grass_block":11,"minecraft:chiseled_tuff_bricks":1,"minecraft:tuff_bricks":25,"minecraft:spawner":1,"minecraft:weeping_vines_plant":1,"minecraft:magma_block":1,"minecraft:glowstone":9,"minecraft:iron_ore":32,"minecraft:cobbled_deepslate":7,"minecraft:fire":10,"minecraft:polished_tuff_slab":1,"minecraft:deepslate_redstone_ore":6,"minecraft:smoker":1,"minecraft:amethyst_cluster":6,"minecraft:powder_snow":43,"minecraft:torch":16,"minecraft:calcite":18,"minecraft:nether_quartz_ore":20,"minecraft:cobblestone":15,"minecraft:sugar_cane":21,"minecraft:wall_torch":3,"minecraft:amethyst_block":18,"minecraft:seagrass":1,"minecraft:light_blue_terracotta":1,"minecraft:birch_log":25,"minecraft:wheat":11,"minecraft:waxed_oxidized_cut_copper_stairs":1,"minecraft:smooth_stone_slab":3,"minecraft:oak_log":17,"minecraft:waxed_oxidized_copper":2,"minecraft:sand":26,"minecraft:dirt":89,"minecraft:netherrack":8,"minecraft:oak_leaves":19,"minecraft:deepslate":48,"minecraft:crying_obsidian":1,"minecraft:deepslate_diamond_ore":28,"minecraft:crimson_roots":2,"minecraft:oak_trapdoor":2,"minecraft:furnace":7,"minecraft:acacia_trapdoor":2,"minecraft:suspicious_sand":1,"minecraft:andesite":1,"minecraft:shroomlight":3,"minecraft:deepslate_iron_ore":25,"minecraft:trial_spawner":1,"minecraft:stripped_oak_log":4,"minecraft:packed_ice":3,"minecraft:stone":194,"minecraft:stone_brick_slab":2,"minecraft:crafting_table":3,"minecraft:short_grass":12,"minecraft:tall_grass":1,"minecraft:copper_ore":2,"minecraft:lapis_ore":3,"minecraft:deepslate_gold_ore":3,"minecraft:acacia_fence_gate":1,"minecraft:birch_leaves":23,"minecraft:coal_ore":226,"minecraft:gravel":3},"minecraft:killed":{"minecraft:spider":10,"minecraft:skeleton":14,"minecraft:chicken":12,"minecraft:tropical_fish":1,"minecraft:pig":1,"minecraft:zombie_villager":1,"minecraft:salmon":9,"minecraft:sheep":6,"minecraft:pillager":1,"minecraft:zombie":17,"minecraft:stray":3,"minecraft:cow":2,"minecraft:phantom":1,"minecraft:drowned":1,"minecraft:husk":1,"minecraft:hoglin":3,"minecraft:squid":1},"minecraft:dropped":{"minecraft:iron_sword":2,"minecraft:porkchop":11,"minecraft:birch_planks":16,"minecraft:lapis_lazuli":22,"minecraft:diamond":7,"minecraft:cooked_porkchop":3,"minecraft:iron_horse_armor":1,"minecraft:saddle":1,"minecraft:dirt":13,"minecraft:cooked_cod":19,"minecraft:gold_nugget":1,"minecraft:iron_pickaxe":4,"minecraft:fishing_rod":3,"minecraft:gold_ingot":2,"minecraft:bone":9,"minecraft:gravel":17,"minecraft:spyglass":3,"minecraft:cooked_chicken":3,"minecraft:cobbled_deepslate":2,"minecraft:wheat":8,"minecraft:pointed_dripstone":4,"minecraft:rotten_flesh":8,"minecraft:oak_planks":10,"minecraft:diamond_shovel":1,"minecraft:cooked_mutton":2,"minecraft:red_candle":7,"minecraft:water_bucket":1,"minecraft:iron_ingot":42,"minecraft:wheat_seeds":6,"minecraft:golden_helmet":3,"minecraft:golden_horse_armor":1,"minecraft:iron_helmet":2,"minecraft:feather":16,"minecraft:cobblestone":64,"minecraft:amethyst_block":6,"minecraft:copper_ingot":2,"minecraft:coal":25,"minecraft:diorite":13,"minecraft:golden_carrot":2,"minecraft:iron_leggings":1,"minecraft:pumpkin":3,"minecraft:white_banner":1,"minecraft:iron_axe":1,"minecraft:string":10,"minecraft:smooth_basalt":6,"minecraft:raw_copper":3,"minecraft:raw_iron":1,"minecraft:iron_boots":1,"minecraft:flint_and_steel":1,"minecraft:filled_map":1,"minecraft:shroomlight":12,"minecraft:shield":5,"minecraft:diamond_pickaxe":1,"minecraft:andesite":14,"minecraft:golden_leggings":3,"minecraft:oak_sapling":1,"minecraft:spider_eye":1,"minecraft:raw_gold":3,"minecraft:calcite":8},"minecraft:used":{"minecraft:tuff_bricks":34,"minecraft:chiseled_tuff":1,"minecraft:chest":1,"minecraft:shield":143,"minecraft:iron_sword":105,"minecraft:rotten_flesh":3,"minecraft:iron_chestplate":2,"minecraft:mutton":1,"minecraft:obsidian":14,"minecraft:waxed_oxidized_copper":2,"minecraft:lava_bucket":5,"minecraft:iron_helmet":2,"minecraft:bow":31,"minecraft:furnace":8,"minecraft:oak_sapling":4,"minecraft:cooked_cod":4,"minecraft:egg":6,"minecraft:oak_chest_boat":2,"minecraft:acacia_trapdoor":2,"minecraft:stone_pickaxe":125,"minecraft:sugar_cane":6,"minecraft:sand":4,"minecraft:blast_furnace":2,"minecraft:polished_tuff":1,"minecraft:bread":12,"minecraft:brown_wool":1,"minecraft:golden_helmet":2,"minecraft:pufferfish":2,"minecraft:chiseled_tuff_bricks":1,"minecraft:diamond_sword":21,"minecraft:fire_charge":2,"minecraft:waxed_oxidized_cut_copper_stairs":1,"minecraft:andesite":3,"minecraft:smooth_stone_slab":2,"minecraft:bone_meal":12,"minecraft:oak_trapdoor":4,"minecraft:enchanting_table":1,"minecraft:stone_sword":129,"minecraft:flint_and_steel":1,"minecraft:stone_shovel":115,"minecraft:cooked_salmon":23,"minecraft:cooked_chicken":10,"minecraft:netherrack":10,"minecraft:torch":269,"minecraft:dirt":78,"minecraft:spyglass":26,"minecraft:anvil":1,"minecraft:granite":2,"minecraft:stone_brick_slab":1,"minecraft:iron_axe":46,"minecraft:iron_boots":2,"minecraft:smooth_basalt":2,"minecraft:golden_carrot":9,"minecraft:cooked_beef":10,"minecraft:cobbled_deepslate":52,"minecraft:iron_leggings":2,"minecraft:calcite":16,"minecraft:wheat_seeds":26,"minecraft:cooked_mutton":7,"minecraft:water_bucket":16,"minecraft:amethyst_block":4,"minecraft:birch_planks":28,"minecraft:cartography_table":1,"minecraft:stonecutter":1,"minecraft:crafting_table":4,"minecraft:white_bed":2,"minecraft:smoker":2,"minecraft:oak_log":4,"minecraft:diamond_pickaxe":58,"minecraft:apple":1,"minecraft:iron_pickaxe":577,"minecraft:map":2,"minecraft:acacia_fence_gate":1,"minecraft:fishing_rod":29,"minecraft:cobblestone":83,"minecraft:white_banner":1,"minecraft:cooked_porkchop":2,"minecraft:bucket":24}},"DataVersion":3953}